<?xml version="1.0" encoding="UTF-8"?>
<teamcity-plugin xmlns:xsi="http://www.w3.org/2001/XMLSchema-instance" xsi:noNamespaceSchemaLocation="urn:schemas-jetbrains-com:teamcity-plugin-v1-xml">
    <info>
        <name>kth_202427198_plugin</name>
        <display-name>kth_202427198_plugin</display-name>
        <description>Difference somebody pick too.</description>
        <version>1.0</version>
        <vendor>
            <name>Pena LLC</name>
            <url>https://martinez-morales.com/</url>
        </vendor>
    </info>
    <deployment use-separate-classloader="true" node-responsibilities-aware="true"/>
</teamcity-plugin>